13265,pathstr
3a5b90,cp_mi_zurich_coalescence_patch_c
3b105a,gravityspike_guards
5b3bc8,bucket_devgui
cbe783,dug
1253961,trigger_hack
16a4e32,t_well
18dd3fc,v_to_zombie
2380d5c,b_upgrade
2a4af70,t_spiders
30c2448,s_vial_pos
398aada,voice_newworld
3ef7692,w_mine
465859d,cp_mi_sing_vengeance_patch
4b70f64,c_player
4e4eb29,cell
51bd792,bo3_enemy
5646068,a_s_buckets
5d379c9,mp_infection_fx
6306226,mdl_rings
643bc20,cp_mi_sing_sgen_patch
6534c00,look_dir
71130ea,boss_fight_init
764d9cb,a_e_core_pos
779fea3,mdl_heart
77bd95a,str_att
7953b28,a_mdl_buttons
7c6cd9d,get_client
7ea2ce8,on_power_on
7f5d5c6,a_str_flags
81d71db,a_rand_weapon
84574b1,v_path
8a46476,spawn_mech
903b73e,s_name
920754d,sumpf_devgui
934a157,s_train
989d36e,w_wonderweapon
991ffe1,s_bucket
9ae72db,ai_spawn
9c34d7b,s_mid
a3ed6ea,s_flinger
a3f4adb,spider_think
a5b7f78,frc
b079127,mdl_light
b5c133c,doa_audio
b94c1eb,m_arg
ba84f16,cp_mi_eth_prologue_patch_c
bb9e181,b_look
c606eb7,n_checks
c8d49df,m_coll
cb30cca,to_player
cc0fce1,tile_debug
d75099e,fx_done
dd0c264,moo
de0bda1,trigger_pad
de2f1b3,b_do_spawn
e131c06,mdl_golden_key
eaa992c,doa_fx
f78dfee,s_control
fda0d24,a_s_source
107bf0f7,t_kill_trigger
10893d25,voice_z_vengeance
116e109f,s_connect
1254c007,aquifer_ambience
134a15b0,w_player
138c35de,playercreate
13b3b16a,player_say
14123bd0,v_trigger
144a9df9,a_e_switch
14733f98,a_mdl_fossils
1486ce13,a_str_zone
1493eda1,str_quest
14d67389,margwa_apha_id
15752140,simon_terminal
15a0c9b5,do_playerchallenge
161eeb8e,cosmodrome_devgui
162382f2,w_sword
165d49f6,mdl_pod
165e92cc,player_random
16b12946,pen
16ca5989,tag_id
16f0344e,pap_setup
176b8aac,s_golden_key
18b93ed0,a_terminals
18dfedfa,a_str_spawners
18ffa2b3,a_rituals
19b50ade,str_landing
19ccee47,v_face
19e79ea1,stalingrad_dragon_strike
1a2a51eb,shadowman
1a2d33d7,margwa_died
1a381543,doa_sound
1a92fdd4,irt
1aa6bd0c,spider_ee_quest
1ac74da9,e_pap_trigger
1af36687,s_keeper_boss
1b6ee215,ee_setup
1bfa7cb7,cto
1c023cce,t_weapon
1c7231df,e_element
1d94ca2b,w_orig_weapon
1dc9cc26,w_gravityspikes
1e66ebb1,ptag
1ec3415f,core_pos
1f1c6e96,s_rod
1f9cab23,b_seal
1fc5be4a,s_raz_spawn
202b5b6a,player_area
205ff529,w_has
206fd092,mdl_mech
216251ed,m_link
21974cbb,link_ent
21e43ff6,s_egg
221e828b,a_s_sam_pos
2241a147,a_ai_keepers
225347e1,ai_margwa
228edad9,n_debug
22e036fa,s_back
22e3a725,a_t_beacons
23567e72,blackstation_accolades
2396e2d7,bonuszmspawner
24c17812,e_mech
25cf04a1,zombie_area
263dadfc,mdl_dome
264552c2,hub
26dbb029,mdl_arm
26fbc878,w_weap
27606155,a_t_ob
27b9fdd3,get_spawn_location
27f0ae11,voice_z_provocation
2848f8c2,doa_vehicle
284ca6ef,t_goal
285c992d,s_bow
29003520,m_pap
292ad7f1,rune_prison_runic_circles
29323b70,weaponidgun
296988d3,a_str_line
29c80ce1,rune_prison_clock_wall
29d8f4bd,dot_weapon
2a999a2c,sp_spawn
2b2f83e5,w_staff_revive
2c092767,zod_custom_spawn_location_selection
2c7e0a5a,s_rocketend
2c8bf5cd,margwas
2d8174e3,non_zombie
2df9fcc1,t_hit
2dfb577c,m_lock
2e488485,gorilla
2e4b6485,b_damaged
2e5172f3,fx_back
2e6bf9ce,gravityspike_handle
2e6e7fce,zm_stalingrad_drop_pod
2e77f7bf,ee_keepers
2e7c1306,mdl_wave
2ec61a03,m_dig
2ede2754,a_pictures
2ef06f9b,wet
2f18d6d0,gravityspike_body
2f236ce8,s_recording
2f63e553,doa_dev
2fcea154,mdl_dragon
2fcf5550,s_rune_pos
2fe7373d,v_new_pos
2fedc4ad,voice_zurich
307510ba,n_next_round
30ff0d6c,mdl_reward
3145e33f,zdraw_text
3169a073,t_zip
31f43265,zombie_face
328b6406,cybercom_gadget_rapid_strike
32c6c398,str_ent
33504256,e_boss
33accfa3,a_mdl_cables
33acda19,zdraw_number
33edae4e,b_ok
350165d0,nbs
3609adde,mdl_hand
361752fd,s_player_set
361e9031,w_mirg2000_up_2
36371547,zdraw_vector
36665ed7,a_players_hit
3668f67c,d_fight
367b15e7,mdl_lever
36e5bc12,bonuszmsound
37176f28,mdl_cable
3728fce1,a_str_weapon
37480f48,ro
37a1dc33,newworld_accolades
37acbc24,wolf_howl_skull
37c17be6,mdl_bell
37cacec1,bonuszmutil
37f7b157,a_s_org
38256252,ramses_accolades
38592a25,bag_debug
385ae3a2,s_map_button
388bdc38,a_ai_spiders
388ffcfb,possibleplayer
38c5f0d6,a_players_in_trig
38fa6e84,a_ent
39815a1b,v_move_dir
3a36166b,str_num
3ab33977,hack_trig
3b02d9c2,fail_pos
3b32e496,s_vril_generator
3b9a12e0,t_pad_trigger
3bc473a5,a_mdl_parts
3bfd5383,fx_red
3c100ea1,s_prize
3c1114e8,pod_monitor_disable
3c32cd48,a_mdl_circles
3c3a1522,a_s_skull
3ca3c537,doa_arena
3ca8546d,s_mod
3d5df242,mechz_setup
3d99e7a6,silverbacks
3ddd867f,zm_genesis_pap
3df01f81,ent_zombie
3e414a21,mdl_rocket
3ecc15f7,a_mdl_fans
3ecdb245,a_s_station
3ee6fb6a,w_dragon
3f213c83,a_trigger
3f29a509,mdl_magicbox
3f3eaecb,doa_tesla
3f44bbce,a_s_weapons
3fa6c0a7,grab
401e166a,v_off_angles
40872fa9,top_pos
40c45d15,a_t_spore
40d9775d,magicboxes
40fd21d0,devgui_dog_spawn
4100f709,mdl_dark
410edbc8,s_bgb
412615f9,mdl_grenade
4126c532,s_ritual
414c0762,str_music
4165e349,mdl_vine
4173fe95,zm_zod_devgui
42133686,str_weap
421ccb2d,t_area
4282fd75,zdraw_command
4316fdf6,mdl_disc
43a6e14b,dir_zone
43ac43b2,s_mechz
43c49144,cp_sh_mobile_fx
44f2dff7,a_s_spawns
45237f11,spawn_spiders
453e8445,a_mdl_candles
45814329,rotate_prize
4582f16d,a_t_clue
46100e43,t_vo
461b88f6,oui
46201613,elevator_use
46d0740e,weaponup
47017e15,t_bell
471551b5,start_nikolai_boss
473ebf10,elemental_storm_tornado
47587cf8,elemental_storm_setup
476a0c04,d_trig
47bafa4c,s_connector
47f43d75,wolf_howl_burial_chamber
485a1dbf,s_hack_pos
48b5604f,s_web
48d31804,a_model
48e2fc20,w_bow_upgrade
4973e019,doa_boss
49b32118,e_pa
49bab662,tox
49ee819c,mp_freerun_01
4a6273cc,mdl_debris
4a9aea8a,mdl_glow
4ae0fc9f,s_terminal
4b1dfeae,mdl_cover
4b4c3616,sp_skeleton
4b55c671,a_spiders
4bbe5bcf,w_curr
4bff825e,mdl_code
4c6beece,spore_cloud
4c773ed3,prop_controls
4cda09f7,mp_nuketown_x_sound
4cf62d2c,mdl_totem
4d34f582,b_watered
4d544c7f,s_start_rock
4ee51f42,a_e_zombies
4eefdeff,fx_top
4f002f93,reward_spawns
4f1562f7,doa_area_affect
4f241554,w_one_inch_punch_fire
4f5e3970,boss_fight_start
4f9043bf,new_ent
4fafa709,s_keeper
4fb770ce,m_sole
4fca3ee8,cp_doa_bo3_sound
503bca4f,sip
5080ec5b,np
50be16fe,voice_z_blackstation
5170090a,demon_gate_fossils
51a0d4ef,player_dead
51bf1eed,n_room
523da15d,vengeance_accolades
52aa09ce,kane
52aedb43,i_clip
52cccfb6,challenge_room
5330ac94,mdl_goal
537120b8,tozombie
541a5daf,a_nd
54219006,s_rand
54571dd0,t_hole
54bcb829,s_player_zone
54f6e482,age
553a9d46,a_e_keepers
55ad5a1e,s_rocket_start
55b30dc8,func_trig
561743c9,mdl_log
565a8d95,a_t_flinger
56d910c6,t_button
57b7ba95,b_fake_ent
57f2485e,spawn_apothican_mechz
58380ee9,bug
5868c432,disc
590c486e,w_one_inch_punch_lightning
59b850ac,s_elec
59d0b36d,dam_dir
59ed1f41,t_wave
5a28c976,mdl_lab_fuse
5a533244,a_mdl_batteries
5af11eca,trs
5b01a37b,s_node
5b1ec2c2,b_use_trig
5b4a0a4f,s_max
5c210a9a,w_mirg2000_up_1
5c7ef569,a_t_wallrun
5cb1355d,vox_trig
5cc8da3f,weapon_player
5d0ed4b3,so
5d3bb3fe,give_annihilator
5d85ddf7,a_mdl_shadowman
5dbbf224,vox_id
5e2b69e1,w1
5e39bbbe,spawn_reward_model
5e6c5d1f,doa_chicken
5e72b36d,mdl_floor
5e75629a,w_mirg2000
5e8fec3f,a_start
5ec0aa73,w_staff
5ef6cf9b,zdraw_color
5f28bb04,fx_head
5f69ad96,str_triggers
6044bb60,mp_nuketown_x_fx
60532813,t_trap
60c8714b,fx_veh
61254add,a_w_swords
61b625c6,a_t_switch
61c634f2,prologue_accolades
61dd0ed7,v_kill_pos
62ceb838,mdl_egg
63c365e9,mdl_pods
63d3226f,w_emp
649d30e8,s_mpd
64b0a5ef,str_ai
64c6b720,doa_score
64f2aa7a,str_fuse
653c9585,w_one_inch_punch
65aaef5e,cp_mi_sing_blackstation_patch_c
65af5e9c,t_flytrap
6646a04b,w_fire
66919a0f,mdl_shelf
66b0cbbe,a_s_batteries
66ee586a,t_kill
6715790d,tae
672ab258,weaponidgunupgraded
673f721c,ee_quest
6777f4f5,base_pos
6782a127,a_zone
6796a7a4,mdl_gasmask
67bf0840,voice_infection1
6848ea7f,t_pod
68586610,a_vol
68d8f035,t_safe
68dfcbbe,enemy_highlight
69299ec6,mdl_vine_clip
6932cc13,a_order
693feb87,doa_core
6a2c8ee9,a_mdl_door
6a5caae4,s_front
6aad1b23,mechzs
6ac86802,b_for_ee
6b38abe3,wearables
6c9b76cd,e_gun
6cae1ad0,mdl_ent
6d602035,t_spore
6d86123b,a_chamber_disc
6dcc04c7,cybercom_gadget_cacophany
6df66aa5,doa_shield
6e02a600,a_t_ride
6e1b8eeb,mdl_prize
6ec888f5,s_set
6fbd30cb,toy
6ff07a70,voice_z_infection
70172e4a,a_mdl_tubes
702f594c,nextb
703e6a13,w_drone
709349fa,a_e
70ee1527,voice_z_newworld
70fc0a58,dip
7117876c,v_on_pos
71a63eac,aquifer_sound
727bd376,a_sp_skeleton
72edbd2b,db
7321b53b,w_upgraded
734c1c5a,mdl_incubator
738cec14,voice_z_zurich
73c84646,mdl_exploder
73e585a1,s_wind
747532f4,ai_keeper
74ae326f,doa_player_challenge
750a9baa,s_uni_trigger
75a4790f,inc
75ab460c,b_switch
75bf845a,a_water
75ef78a0,w_one_inch_punch_upgraded
75f2c952,spider_count
76185ee4,mdl_fan
765a3ab1,n_character
765b3a01,a_sp_zombie
766335a0,v_ball_pos
76968f56,s_storm
7698e9a4,mdl_fuse_box
769dc23f,biodomes_accolades
77316c1c,propellertrap_b
77cbbb1b,str_bone
785e8821,a_s_end_pos
79488a88,mdl_lid
79831c10,s_player_use
79b48eac,mdl_vril_generator
79b6dcfe,a_s_beacons
79d1dcf6,a_s_circles
79f3942a,mdl_candle
7a31cfcd,cir
7a5b2191,devgui_boss
7a9b882a,s_player_air_pos
7af45315,a_train
7b1be7eb,loc_ent
7b3fce7b,t_wall_trigger
7b98b639,mdl_rune
7be3ca60,a_mdl_doors
7c1ef59b,spider_init
7c8ba0d5,mdl_god
7cbc9d72,gen_pos
7d3faaf0,str_transport
7d656fe9,w_mirg2000_2
7d7ca0ea,t_teleporter
7e421bd8,a_s_robots
7ed0fbf4,rocketend
7f251e62,a_v_pos
7ff21c44,roll_dir
80d91769,ee_quest_devgui
814e90c0,cp_mi_sing_blackstation_patch
81ca05ac,playerright
82e422e5,cp_mi_zurich_newworld_patch
82e4b148,mp_infection
8305c467,e_lever
831a4a7c,doa_player_utility
8352f87c,raz_dir
83560def,w_staff_water
83d6000c,a_s_elec
83fbe97c,mp_infection_sound
8406755b,mdl_fall_clip
842de44a,w2
84ff6356,a_env
855113f3,quadtank_util
85a409cc,mdl_wall_switch
85d06ae4,a_s_redphone
8665ab89,devgui_time
86fa17e8,mp_biodome
87367d4f,s_circle
874b5dbf,m_a_clip
87af6626,peye
87c6d702,str_do
88090aa5,b_spawn
8824774d,goto_round
8839ea8c,str_teleport
8880cc35,s_boss_keepe
8894208b,_be
8911e65c,mp_biodome_sound
89870276,demon_gate_setup
8a0708c2,spawn_margwa
8a3acb29,mp_freerun_04_sound
8ab1dc51,mdl_fossil
8b8460d5,a_str_fuses
8b961b44,w_to_spawn
8bb8fa69,v_dot
8c15cb32,s_sd
8c958204,m_func_trig
8cad0c4d,mdl_gun
8ccfc8c3,mdl_hope
8cf14dc8,cp_mi_eth_prologue_patch
8d2dd868,mdl_battery
8d32191f,cp_mi_sing_biodomes_patch_c
8d32b3a0,axisz
8d53d8ef,str_light
8d77e4c4,wolf_howl_setup
8d9759dc,atf
8e961e39,debug_log
8ef573c1,a_s_locations
8f273e4e,mp_veiled_sound
8f5a8751,w_melee
8f68a082,a_str
8f719caf,mdl_lava
8fcfe322,a_t_traps
90072e58,cp_mi_cairo_lotus_anim
903fae71,a_radios
90f8d95e,a_s_location
911ceae0,a_s_crawlers
917e49b3,doa_outro
91930983,p_random
92c47b0e,a_s_array
9346a886,m_str_spawn
93571595,a_s_rewards
93881346,voice_shramses
9396cce9,hang
93d55a25,mdl_targ
93dad597,mdl_shadowman
93e50579,mdl_symbol
9494ad2f,b_rise
94ce943b,cp_sh_mobile_sound
94edb8e1,n_dir
953903c8,startspawn
957373c6,challengeinit
957c9ba0,w_annihilator
95f3766e,mp_freerun_03
95ff9697,a_destruct
9620cdae,mdl_cage_clip
967f4af8,cp_mi_cairo_aquifer_water_room
96a3d068,s_tesla_connector
96ba651b,v_move
9727e47e,w_idgun
973c1591,face_pos
97786609,a_s_respawn_points
97c1eada,str_mech
97c56c3c,mdl_wonderweapon
97daed88,mp_freerun_02_fx
97fbbd0a,v_vo_pos
9866f6f9,e_pos
98d4ffda,cp_mi_zurich_coalescence_patch
98e946e1,cp_mi_cairo_ramses_patch_c
99202726,sgen_accolades
99333052,b_ee
99ecf37c,pa_id
9a278800,s_top
9b391ed5,sd_zombie
9b5a2dae,debug_jet
9b96cc44,sp_safe
9c3d6912,t_x
9c458cf5,vine
9c840b49,a_s_eggs
9ca661a2,a_margwa
9cc756f9,cybercom_gadget_ravage_core
9d06d0ea,s_spore
9d7b544c,w_one_inch_punch_flourish
9d999891,s_phone
9db3bdd7,shadowman_say
9dcd6900,w_revive
9e5ac8d1,t_mechz
9eb700da,lase_ent
9f0eb8c7,mdl_shard
9faff60c,spider_cage_trigger
9fb66d33,players_s
9fce15de,t_cage
9ff55c5b,players_far
a023ad9b,sp_civ
a026fc99,zm_tomb_standard
a062344d,idgun_upgrade
a07a4e59,stab
a090a655,mdl_sophia
a0cf8f2b,a_e_trig
a0eb961c,chair_a
a13efe1c,zdraw_scale
a21704fb,a_s_moves
a22f946c,a_mdl_trap
a24425cb,cp_mi_cairo_aquifer_patch_c
a2a7678a,str_radio
a2ec096c,debug_box
a3646565,bo3_silverback_battle
a367ea52,w_mirg2000_1
a3bb3065,t_seal
a4052592,w_mirg2000_up
a432d965,bonuszmdata
a462d6ee,s_arrow
a52a2a1d,cp_mi_cairo_aquifer_patch
a56d6832,v_trig
a57773f5,t_ob
a5eb4761,s_rocketstart
a5efd39d,b_lock
a6116854,a_symbols
a8a5285c,v_to_pos
a907ca47,str_ee
a92ad484,lotus2_sound
a939b0c9,v_vo
a94f7e83,rl
a9fb66fa,e_to
aa37ce2d,pap_trigger
aa4730ec,doa_turret
aab7a6d1,mdl_plane
aae59061,sp_keeper
ab7ad415,zombie_eye
abc323ed,a_rise_pos
abee83e8,mdl_pointer
ac05cd45,s_road
ac486a40,w_shield
aca7cde1,b_got_weapon
acbf687c,trigger_flag
acc90d1d,mdl_staff
acfd8784,a_dogfights
ad0ee644,a_s_spawn
ad2035e4,lit
ad27f51f,w_frag
ad3feaf6,t_num
ad4c1fb2,mp_freerun_03_sound
ad544aeb,doa_camera
ad58b9ca,sp_raz
af12b9a4,channeling_stone
af875fb7,guardians
af8a18df,s_sophia
af8f5b69,t_gas
af96dd85,w_one_inch_punch_water
afcc5d76,b_is_ent
afea638c,ee_devgui
affd5bec,mdl_skull
b046f355,mp_freerun_01_fx
b05603a8,a_e_core
b0612bf3,a_rewards
b1cb3746,doll_id
b1d0498a,t_min
b1e70b95,t_hint
b237ad4b,cp_mi_sing_vengeance_patch_c
b2413e04,pr_init
b2c57c5e,island_shield
b30a0cb8,pu
b354bc3b,t_side
b44af04e,mdl_rock
b454dc63,capothigod
b47da5df,a_plants
b4810425,w_upgrade
b48b3db3,drb
b5b83650,aquifer_accolades
b5f355c6,sp_name
b6403db8,tank_trigger
b7156b15,player_challenge_init
b7f87735,voice_safehouse
b8fe8638,a_s_radio
b984997c,kill_weapon
b9b72b4f,a_index
ba004d47,player_on_trigger
ba8b2edd,v_pa
baba9b52,prop_dev
babdccbe,voice_z_prologue
bac17ccf,nextmode
bad87c84,pi
bae0d10b,mdl_powerup
bb00a9de,a_t_pull_trigger
bb164c73,a_t_spawn
bb56f921,cp_mi_cairo_infection_patch
bb5d050c,cp_doa_bo3
bbadd4a4,a_s_activate
bbcd41a3,v_vial_pos
bbd4901d,w_hacker
bbf5f0d7,mp_freerun_02
bbf77908,a_s_valid_respawn_points
bbf92e7d,on_pos
bc6c413b,s_score
bc9de76b,inplayer
bdf5e96c,t_zone
be51e5e1,recordcpendgamecomscoreeventforplayer
be7cf134,zdraw_line
beb54dbd,mdl_terminal
bf7e118f,b_raz
c0150ce6,debug_pod_spawn
c1b94c1e,voice_z_ramses
c23fe37b,t_y
c2577628,cur_weapon
c2fccfd7,trigger_core
c35eec70,vo_lines
c415b483,cp_mi_zurich_newworld_patch_c
c430eda8,v_eye_pos
c4748824,t_max
c4ba82be,w_ar
c4ed51d5,mdl_link
c4f1ee44,s_activate
c506f9a7,mi
c550ee23,training_sim
c5653cf3,mdl_bone
c58f2dba,debug_kane
c59494bb,mdl_dial
c624f0b2,castle_custom_spawn_location_selection
c68b7fb6,mp_freerun_04_fx
c75436ca,gib_zombie
c79d3f71,ai_spider
c7e29595,bad_pos
c8dba3e6,voice_z_lotus
c9234aca,a_s_spore
ca099d36,mech
ca89ebbe,t_dig
ca8d49bb,w_player_weapon
cb03b137,mdl_wings
cbd11028,a_str_vo
cbddabee,mdl_shield
cbf27250,s_exploder
cc0f18cc,str_challenge
cc373138,mdl_console
cc4031e3,w_kane_weapon
cc5cac5f,devgui_arena
cc6165b0,spawn_apothican_margwa
cd56c2cf,trigger_pod
cd986666,elemental_storm_weather_vane
cd99e01f,sp_jidjihawj_zm
cdb9a8fe,doa_round
cdd8baf7,margwa_devgui
cdef60d1,margwa_kill
cdf31c46,weaponbonus
cef86da1,next_attack
cf2402ea,s_death_ray
cf2f0df8,s_lab_fuse
cf35e8e9,str_point
cf5f1519,mdl_map
cfabce58,t_wind
cfd1da70,zombie_zone
cfd95255,a_alt_pos
d028d3a8,a_str_quests
d11e725f,stepz
d15ef3dd,b_dev
d186cfae,s_battery
d1d0d3e2,a_s_stubs
d22e1ab8,projweapon
d22f7529,mp_biodome_fx
d2580f11,hand_pos
d2b2f423,ape
d2e12d33,run_switch
d30f1cde,zombieforward
d3486562,s_console
d35a405a,chickenpickup
d39257a8,_be_pos
d3b26b91,cp_sh_singapore_sound
d41655e8,a_s_spawners
d461052a,m_t_switch
d47f8f22,demon_gate_gatehouse
d4a62e6b,mdl_bow
d4c1c307,bite
d6026710,devgui_ee
d621a979,m_s_trigger
d647fedd,a_mdl_screen
d67fd3fd,ent_trigger
d695363e,b_can_spawn
d7141317,str_rest
d730823e,a_mdl_levers
d79c9dc0,w_prev
d7e71261,mp_freerun_04
d8107c7c,t_urn_trig
d88e3a06,doa_hazard
d88e6f5f,e_keeper
d89c34cf,ent_bomb
d937a872,axisx
d93f9cb8,t_death
d955a37f,pack_trig
d955a5b1,mdl_reel
d959ac05,a_gramophone
d9f30fb4,side_ee_golden_bucket
da104453,a_s_parts
da3dbbdf,mdl_keeper
dab2db6d,s_head
dae473ca,pack_debug
db167d30,voice_ramses1
db49b939,ee_boss
db5bc658,mp_freerun_01_sound
dbab1072,b_here
dbc092aa,zm_genesis_devgui
dbc801a5,trigger_code
dbd86497,s_targ
dc4413fe,cp_mi_sing_sgen_patch_c
dc604ef4,a_spore
dc73cd3e,node_pos
dc7ddcde,w_currentweapon
dc8ace48,w_staff_lightning
dcdf1cd5,b_is_devgui
dcf46be5,s_tag
ddaacf8f,b_save
ddb2274b,s_player_data
de243c38,mdl_pap
df281e84,mdl_teleport
df4182b1,has_gasmask
df70f8d0,s_mouth
df95c68b,mdl_board
e0133c46,a_hearts
e08b3d94,t_web
e1041201,w_bow
e121d9e4,player_challenge
e15266b8,voice_z_hypocenter
e1a7c3f0,elemental_storm_beacons
e1efbc50,add_idgun
e1f8771e,mdl_urn
e22afa2c,skip_rounds
e236c887,nexta
e27d2514,w_one_inch_punch_air
e289acc3,m_func
e2dface3,a_s_recordings
e32cd584,m_box
e35e6d94,m_link_trigger
e3c08ace,a_radio
e3d03940,a_old
e43465f2,mdl_source
e43ddafb,rune_prison_setup
e44205a2,cybercom_gadget_mrpukey
e48828c5,spider_die
e4c0c552,ramses_sound
e4ce27de,cp_sh_singapore_fx
e4f74672,devgui_shadowman
e564b69e,w_reward
e59ac7e4,w_alt
e5a4a905,t_end
e5ad4beb,players_has_weapon
e5cba04c,b_devgui_skip
e6579eb2,t_perk
e6706bab,a_pads
e6707d5e,givegadget
e7a3a98f,play_recording
e7a4a9df,mp_apartments_lighting
e7d196cc,str_wearable
e7e8e5d6,mdl_apothicon
e82fdc69,cp_mi_sing_biodomes_patch
e882d83c,mdl_dock
e88629ec,m_dragon
e89da2ff,mp_freerun_02_sound
e8c3642d,a_kill
e8effba5,cp_doa_bo3_fx
e938db57,propellertrap_a
e97f2392,mod_button
e9d68101,s_deathray
e9e39773,cp_mi_cairo_ramses_patch
ea08fd1f,devgui_ee_quest
eae4114a,zdraw_alpha
eb043fdb,mdl_glass
eb1b4657,m_ring
eb6e3c93,b_aim
ebd80b8b,bot_escort
ec2cabcf,voice_blackstation
ec7bd060,mini
eccab862,vid
ed2646a1,w_idgun_upgraded
ed94fcf9,devgui_bot_spawn
edd22bf1,s_min
ee516197,w_one_inch_punch_flourish_upgraded
ee99f6ee,spawn_spider
efa7240e,mdl_propeller
eff42720,statplayer
f03dd5b1,s_toy
f0c6c167,spider_queen_killed
f0e94a11,t_hack
f0f08a9d,a_str_dest
f11c18b5,mdl_civ
f12ee4c0,mdl_stone
f13cf991,s_robot
f16ed138,b_new_ent
f184b6b4,perkmachine
f19447c4,v_juke_pos
f25bd8c8,infection_accolades
f2ae2c72,mdl_fuse
f2e38849,n_ritual
f2f3c18e,zdraw_duration
f3127c4f,shield_devgui
f3364be4,mdl_tornado
f3446503,m_a_e_clip
f3636838,mdl_arrow
f388b961,cybercom_gadget_overdrive
f397b667,cp_mi_cairo_infection_patch_c
f3e8791a,mdl_hang_clip
f486078e,w_gasmask
f49711f9,orig_weapon
f4a071bb,defend_setup
f4b1d057,e_ai
f4f2fcc8,voice_z_aquifer
f4ff722a,lotus_accolades
f553b6d0,b_true
f58ff028,mdl_spore
f7008227,mp_veiled_fx
f7130542,snd_spawn
f7d860a2,mdl_bones
f7f2381b,s_cin
f7fded02,a_s_end
f856db3b,mp_freerun_03_fx
f88e4c70,zod_wasp_spawn_callback
f89319f8,a_s_part
f89dbefa,weapontime
f8cc3a0e,a_rounds
fade182d,player_org
fae0d733,a_s_loc
fb110e7d,s_goal_pos
fb5e0a7e,devgui_fog
fb62adc1,mdl_circle
fba031c8,doa_gib
fba08aba,mdl_prop
fbb25d33,dock_pos
fc2fd82c,a_str_wearable
fc699b20,b_use_trigger
fcfd712e,zm_castle_devgui
fd0916fe,fog_trigger
fd0b5358,v_move_pos
fd26df34,eye_dir
fdb208e4,prob
fdb5c190,toz
fdb628a4,str_client
fdfaa57d,bonuszmdrops
fe242426,debug_lase_ent
fe3db664,a_sp
fe85e3de,s_ant
fea1fc22,gun_pos
fedda046,a_e_elements
fee79dd1,str_level
ff18dfdd,stalingrad_custom_spawn_location_selection
ff3a22db,axisy
ff840495,a_mdl_props
